Drama;Sports;Reality;Entertainment;Documentary;Kids;Family;Animals;News;Movie;Music;Teen;Science & Technology;Health & Fitness;Religion;Shopping;Miscellaneous
Action & Adventure;Sports talk;Legal;Action & Adventure;Nature;Cartoon & Animation;Children's/Family Entertainment;Pets;Nature;Thriller;Western;Comedy;Sci-Fi & Fantasy;Health;Fundraiser/Telethon;Consumer;Anthology
Fantasy;Basketball;Outdoors;Fantasy;Crime;Animated;Home & How-To;Wild animals;Real Estate;Military & War;Local;Education;Aviation;Fitness;Religion;Fashion;Special
Miniseries;Outdoors;Talk;Martial Arts;History & Biography;Comedy;Home & Garden;Ocean creatures;Crime;Legal;Musical;Romance;Environment;Health & Fitness;;Thanksgiving;Independent
Crime;Martial Arts;Travel;Travel;Medical;Education;Animated;Horses and farm animals;Medical;Western;Hip-Hop & Rap Music;Teens;Science and nature;;;Valentine's Day;Variety
Thriller;Tennis;Food;Sitcom;Military & War;Holiday;Medical;Animals;Newscast;Horror;Musical;Mystery;Robots;;;Halloween;How-To
Military & War;SportingEvent;Education;Comedy;Outdoors;Educational;Comedy;;Weather;Mystery & Suspense;Awards;Science fiction;Discovery;;;Parenting;Boat
Horror;Football;Game Show & Contest;Game Show & Contest;History;Anime;Education;;Local;Mystery;Pop Music;Musical;Science & Technology;;;Cars and trucks;Courtroom
Local;Soccer;Business & Finance;Fishing;Biography;Preschool;Home improvement;;Talk;Comedy;Gospel Music;Educational;Computers;;;Holidays;Parade
Mystery & Suspense;Sports non-event;Pets;Interview;Politics & Government;little kids (ages 5-7);Educational;;Politics & Government;Romance;R&B Music;Anime;;;;Holiday;Crafts
Travel;Golf;Weddings;Fashion;Auto;big kids (ages 8-9);Pets;;Public Affairs;Docudrama;Country Music;Romantic comedy;;;;Shopping;Agriculture
Sitcom;Ice Hockey;Auto;Bullfighting;Self improvement;preschoolers (ages 2-4);Weddings;;Business & Finance;Biography;Rock Music;Musical comedy;;;;Collectibles;Bugs
Comedy;Fishing;Self improvement;Standup;Environment;Friendship;Thanksgiving;;Interview;Politics & Government;Heavy Metal Music;Valentine's Day;;;;;Numbers and letters
Romance;Baseball;Auction;Dance;Dinosaurs;Sports and martial arts;Christmas;;Newsmagazine;Paranormal;Folk Music;Halloween;;;;;Trains
Comedy-Drama;Horse Racing;Gay and Lesbian;Poker;Discovery;Cats, dogs, and mice;Valentine's Day;;Environment;Romantic comedy;Jazz Music;teens (ages 13-14);;;;;Quest
Mystery;Winter Sports;Reality;Card Games;Gay and Lesbian;Book characters;Halloween;;Debate;Adults only;Latin Music;tweens (ages 10-12);;;;;Transformation
Historical drama;Boxing;;Gaming;Documentary;Superheroes;Collectible;;Parenting;Erotic;Dance;older teens (ages 15+);;;;;Fall
Science fiction;Motor Sports;;Arts and dance;;Magic and fantasy;Parenting;;Wall Street;Classic Movies;Concert;Friendship;;;;;Rise
Crime drama;Pro Wrestling;;Gay and Lesbian;;Fairy tales;Cars and trucks;;Agriculture;Theater;Soft Rock;Sports and martial arts;;;;;New Year's
Comedy drama;Water Sports;;Entertainment;;Princesses and fairies;Growing up;;Rivalry;Misfits and underdogs;Techno Music;Cats, dogs, and mice;;;;;Paid Program
Romantic comedy;Olympics;;Art;;Brothers and sisters;Holiday;;Wretched excess;Space and aliens;Classical Music;Book characters;;;;;July 4th
Musical comedy;Volleyball;;Game Show;;Puppets;Holidays;;News;Dinosaurs;Music and sing-along;Superheroes;;;;;Foreign
Soap Opera;Action Sports;;Netflix Original;;Metamorphosis;Gay and Lesbian;;;Rivalry;Alternative Music;High school;;;;;Easter
Advice;Snowboarding;;;;Holidays;Family;;;Underdog;Concert;Great boy role models;;;;;
Dark comedy;Hockey;;;;Kids;;;;Temptation;Revenge;Magic and fantasy;;;;;
Art expert;Classic Sport Event;;;;;;;;Gay and Lesbian;Forbidden love;Monsters, ghosts, and vampires;;;;;
Theater;Skiing;;;;;;;;Movie;Music;Fairy tales;;;;;
not for kids;Figure Skating;;;;;;;;;Soul Music;Princesses and fairies;;;;;
Adventures;Cycling;;;;;;;;;Reggae Music;Brothers and sisters;;;;;
Adventure;Bull riding;;;;;;;;;;Puppets;;;;;
Escape;Motor Sports;;;;;;;;;;Middle school;;;;;
Love;Cross-Country Skiing;;;;;;;;;;Great girl role models;;;;;
Rescue;Hunting;;;;;;;;;;Teen;;;;;
Pursuit;Alpine Skiing;;;;;;;;;;;;;;;
Revenge;Beach Volleyball;;;;;;;;;;;;;;;
Growing up;Beach soccer;;;;;;;;;;;;;;;
Sacrifice;Baseball;;;;;;;;;;;;;;;
Temptation;Wrestling;;;;;;;;;;;;;;;
Gay and Lesbian;Auto Racing;;;;;;;;;;;;;;;
Drama;Ski Jumping;;;;;;;;;;;;;;;
Suspense;Gymnastics;;;;;;;;;;;;;;;
;Dog Show;;;;;;;;;;;;;;;
;Pro Wrestling;;;;;;;;;;;;;;;
;Event;;;;;;;;;;;;;;;
;Mixed Martial Arts;;;;;;;;;;;;;;;
;Luge;;;;;;;;;;;;;;;
;Boating;;;;;;;;;;;;;;;
;eSports;;;;;;;;;;;;;;;
;Motorcycle;;;;;;;;;;;;;;;
;Water Sports;;;;;;;;;;;;;;;
;Horse;;;;;;;;;;;;;;;
;Olympics;;;;;;;;;;;;;;;
;Winter Olympics;;;;;;;;;;;;;;;
;Shooting;;;;;;;;;;;;;;;
;Archery;;;;;;;;;;;;;;;
;Basketball;;;;;;;;;;;;;;;
;Sports and martial arts;;;;;;;;;;;;;;;
;Sports;;;;;;;;;;;;;;;
;Martial arts;;;;;;;;;;;;;;;
;Equestrian;;;;;;;;;;;;;;;
;Swimming;;;;;;;;;;;;;;;
;Lacrosse;;;;;;;;;;;;;;;
;Fencing;;;;;;;;;;;;;;;
;Rugby;;;;;;;;;;;;;;;
;Skateboarding;;;;;;;;;;;;;;;
;2018 World Cup;;;;;;;;;;;;;;;
;Softball;;;;;;;;;;;;;;;
;Cheerleading;;;;;;;;;;;;;;;
;Motorcycle Racing;;;;;;;;;;;;;;;
;Running;;;;;;;;;;;;;;;
;PyeongChang 2018;;;;;;;;;;;;;;;
;Playoffs;;;;;;;;;;;;;;;
;Roller derby;;;;;;;;;;;;;;;
;Track & Field;;;;;;;;;;;;;;;
;Rugby union;;;;;;;;;;;;;;;
;Bowling;;;;;;;;;;;;;;;
;Drag Racing;;;;;;;;;;;;;;;
